name,url
Deutsche Bank Vulnerability Disclosure Program,https://bugcrowd.com/deutschebank-vdp
HubSpot,https://bugcrowd.com/hubspot
Seeking specialists,https://www.bugcrowd.com/resource/help-wanted
Help an Secure an Educational Non-Profit,https://bugcrowd.com/programs/teasers/misty-sound-7666
Under Armour Corporate,https://bugcrowd.com/underarmour-corp
DICK'S Sporting Goods,https://bugcrowd.com/dickssportinggoods
iFood: Bug Bounty Program,https://bugcrowd.com/ifood-og
Craft Coders Marketplace Bug Bounty,https://bugcrowd.com/craftcoders
StackPath,https://bugcrowd.com/stackpath
Caffeine,https://bugcrowd.com/caffeine
An electronics retailer would like your help!,https://bugcrowd.com/programs/teasers/eQTUitf7a1btxJGEXtAWMtYd
Web.com,https://bugcrowd.com/webdotcom
Bluehost,https://bugcrowd.com/newfold-bluehost
Geotab: VDP,https://bugcrowd.com/geotab-vdp
Ethereum Foundation Bug Bounty Program,https://bugcrowd.com/ethereum-od
WOO Network: Bug Bounty Program,https://bugcrowd.com/woo-network
Timeboxed Engagement - Dell PC Required,https://bugcrowd.com/programs/teasers/sparkling-wave-2292
Host Gator LATAM,https://bugcrowd.com/endurance-hostgatorlatam
1Shoppingcart.com,https://bugcrowd.com/shoppingcart
Skroutz Public Managed Bug Bounty,https://bugcrowd.com/skroutz
Leading Financial company needs your help!,https://bugcrowd.com/programs/teasers/red-moon-8769
Contrast Security,https://bugcrowd.com/contrast-security
Secure 1-Click Login and Checkout,https://bugcrowd.com/programs/teasers/ancient-mountain-2267
Imperva Bug Bounty,https://bugcrowd.com/imperva-mbb
OneTrust,https://bugcrowd.com/onetrust
NAB's Responsible Disclosure Program,https://bugcrowd.com/nationalaustraliabankog
